# Phase 3 Part B blanket sweep (mcslab, ENDF/B-VIII.0): tritium per source neutron.
# Geometry: W 0.5 cm | FLiBe L | Fe 10.0 cm; REFLECTIVE plasma side, vacuum behind the Fe.
# 14.1 MeV beam at normal incidence. FLiBe: 900 K data, Janz density at 900 K, molar density of
# natural-Li FLiBe held for enriched Li. 20 batches x 5000 histories per point.
# ALL POINTS SHARE ONE SEED (20261035): the curves are correlated with each other (common random
# numbers); per-point SEs are not independent between points.
# Idealised 1D upper bound: no structure, coolant, ports or gaps; not the TBR of a real design.
# Columns: track-length estimator, mean and SE over batches, per source neutron.
flibe_cm,li6_atom_percent,tritium,tritium_se,tritium_li6,tritium_li6_se,tritium_li7,tritium_li7_se,tritium_be9,tritium_be9_se,tritium_f19,tritium_f19_se,tritium_fe,tritium_fe_se,leak_right,leak_right_se,reflected,reflected_se,cutoff,zero_yield,flibe_mass_density_g_cm3,max_draws
10,7.59,0.3410278569,0.001533552622,0.2580692919,0.001650940385,0.07630739691,0.0002513216881,0.001804206599,2.885298676e-06,0.00484647398,9.846033796e-06,4.875241134e-07,2.423125569e-09,0.77466,0.001384736342,1.74612,0.008851552347,0,0.01113,1.97344,3427
20,7.59,0.6818645903,0.002747059265,0.5469236395,0.002868447093,0.1249871836,0.0003150516284,0.002659081242,5.259303329e-06,0.007294490254,1.537339606e-05,1.956962363e-07,1.143528776e-09,0.46891,0.001269104533,1.78549,0.009890755652,0,0.00516,1.97344,3194
30,7.59,0.918784684,0.002925886951,0.7573720751,0.003049680468,0.1499701826,0.0003750231586,0.003032350045,6.83559174e-06,0.008409999031,2.003345435e-05,7.711267741e-08,9.130206707e-10,0.26508,0.001823207122,1.7979,0.01051748919,0,0.00226,1.97344,3501
50,7.59,1.149515435,0.003947530378,0.9697234653,0.004072168007,0.1674506679,0.0004265858148,0.003248827801,7.874973427e-06,0.0090924638,2.285832928e-05,1.052318046e-08,3.800604025e-10,0.07035,0.0007286432959,1.79833,0.0113522015,0,0.0003,1.97344,3851
75,7.59,1.21697735,0.003348317029,1.033440453,0.003520048871,0.1710396219,0.0004240702757,0.003284749627,8.393697199e-06,0.009212524912,2.380195664e-05,8.500694489e-10,1.136394999e-10,0.01089,0.0003262143306,1.79953,0.01077123142,0,4e-05,1.97344,2714
100,7.59,1.228187461,0.003448861123,1.044253857,0.003621367353,0.1714220924,0.0004322565249,0.003287880113,8.421512136e-06,0.009223632136,2.392916502e-05,5.328479218e-11,2.058507696e-11,0.00133,9.654559872e-05,1.79975,0.01083845857,0,1e-05,1.97344,2665
10,20,0.4220028175,0.001841259218,0.349502275,0.001931851098,0.06586553715,0.0002181515976,0.001800350718,2.775342258e-06,0.004834168393,9.601115405e-06,4.862839021e-07,2.394355466e-09,0.72564,0.00171240674,1.48624,0.01037700494,0,0.01114,1.968474166,3047
20,20,0.7632254862,0.003328487147,0.6457145413,0.003317081094,0.1075947732,0.0002494477771,0.002650026276,5.084960927e-06,0.007265950569,1.481398521e-05,1.948613775e-07,1.129456014e-09,0.42377,0.001618854371,1.49166,0.00969912747,0,0.00511,1.968474166,2674
30,20,0.9821803087,0.004229097896,0.8417921226,0.004238075354,0.1289954913,0.0003032995367,0.003020377259,6.608799829e-06,0.008372240886,1.921657799e-05,7.664464233e-08,8.94620377e-10,0.23446,0.001693212456,1.4928,0.01080764836,0,0.00226,1.968474166,2916
50,20,1.18021474,0.002928488532,1.024090955,0.002939251002,0.1438437645,0.0003484514425,0.003234253905,7.564444114e-06,0.009045756018,2.155391858e-05,1.042170694e-08,3.720089342e-10,0.05896,0.0007031657737,1.49465,0.01038631564,0,0.00028,1.968474166,2662
75,20,1.234214985,0.003107874367,1.074871253,0.003083296766,0.1469105833,0.0003400795224,0.003269339793,8.051846125e-06,0.009163808608,2.25715356e-05,8.224096399e-10,1.091845606e-10,0.00821,0.0002548374095,1.4946,0.0102839374,0,4e-05,1.968474166,2094
100,20,1.241658349,0.003098799366,1.081976618,0.003101089703,0.1472348054,0.0003451475838,0.003272368912,8.089174088e-06,0.009174556718,2.272426977e-05,4.415037574e-11,1.955567683e-11,0.00108,8.753946478e-05,1.49453,0.01027141434,0,1e-05,1.968474166,1668
10,40,0.484155544,0.002256907919,0.4284707734,0.002338120792,0.04907876079,0.0001610605902,0.001793717389,2.730399099e-06,0.00481180823,9.447284083e-06,4.841724986e-07,2.336641785e-09,0.67637,0.002000330236,1.2779,0.0069082026,0,0.01106,1.960471211,3024
20,40,0.8074285405,0.002632602038,0.7175777094,0.00261310575,0.07999818426,0.000196653249,0.002635329578,4.871529947e-06,0.007217123961,1.432594689e-05,1.933401279e-07,1.089388354e-09,0.38416,0.001237280549,1.24873,0.007671344835,0,0.00503,1.960471211,2328
30,40,1.00335946,0.002272236475,0.8963645249,0.002286701685,0.09569102816,0.0002199262121,0.003000228258,6.350597655e-06,0.008303602837,1.874801021e-05,7.568311632e-08,8.758717378e-10,0.20698,0.001345784842,1.2521,0.008534715486,0,0.00221,1.960471211,2916
50,40,1.180583039,0.003500597738,1.061933655,0.003503572737,0.1064793968,0.0002612334444,0.003209574284,7.398894724e-06,0.008960402452,2.193739854e-05,1.017433292e-08,3.730897514e-10,0.04931,0.0007433175988,1.25047,0.008479948796,0,0.00026,1.960471211,3234
75,40,1.226411906,0.003588411124,1.10539215,0.00361338397,0.1087014721,0.0002594977792,0.003243485516,7.830545301e-06,0.00907479773,2.282848238e-05,7.988028563e-10,1.098925004e-10,0.007,0.0002887359019,1.2508,0.008216876087,0,4e-05,1.960471211,2010
100,40,1.233125742,0.003735386467,1.111849566,0.003760149616,0.108944625,0.0002635585336,0.0032464205,7.867087842e-06,0.009085130762,2.29869411e-05,4.364250006e-11,1.960378955e-11,0.00084,9.470174789e-05,1.25075,0.008221536225,0,1e-05,1.960471211,1753
10,60,0.5141427417,0.002854766272,0.4750228877,0.002910583615,0.03254396358,0.0001063677639,0.00178677393,2.733372254e-06,0.004788634645,9.39858613e-06,4.817980287e-07,2.30187781e-09,0.64076,0.002121151624,1.13204,0.007480354621,0,0.01099,1.952468256,2437
20,60,0.8194778745,0.00385706455,0.7568167168,0.003854398272,0.05287368414,0.0001199387343,0.002619840152,4.726061587e-06,0.007167441948,1.388761539e-05,1.914940292e-07,1.098077109e-09,0.3571,0.001598584901,1.09987,0.006687069612,0,0.00503,1.952468256,2187
30,60,1.003722696,0.004138177806,0.9293555205,0.004136630699,0.06315318955,0.0001338630314,0.002978967828,6.136325591e-06,0.008234943062,1.820445015e-05,7.466625623e-08,8.671596893e-10,0.18796,0.001554457089,1.0998,0.006666238583,0,0.00218,1.952468256,2316
50,60,1.159012627,0.003860018388,1.076793962,0.003826442991,0.07015598958,0.0001576480962,0.003184412728,7.208136248e-06,0.008878252154,2.139846136e-05,1.002954056e-08,3.706517692e-10,0.04322,0.0007832321697,1.0981,0.006492205853,0,0.00026,1.952468256,2367
75,60,1.199641651,0.003672135031,1.115874773,0.003606151926,0.07156042884,0.0001615098183,0.003217437151,7.604342547e-06,0.00898901086,2.229888584e-05,7.875391261e-10,1.091018809e-10,0.00574,0.0002299198945,1.09874,0.006446722546,0,4e-05,1.952468256,1862
100,60,1.205340194,0.003871322322,1.121417334,0.003803750673,0.0717034207,0.0001639720441,0.003220358172,7.628076876e-06,0.008999081608,2.241508022e-05,4.356540979e-11,1.958940328e-11,0.00069,8.268519883e-05,1.09867,0.006433829587,0,1e-05,1.952468256,1214
10,90,0.534280124,0.003120013231,0.519668003,0.003138366398,0.008078017761,2.506324518e-05,0.001777029282,2.730675052e-06,0.004756595423,9.195920993e-06,4.784807952e-07,2.317351431e-09,0.60326,0.001907497672,0.99061,0.006397885753,0,0.0108,1.940463823,2363
20,90,0.8171576904,0.002780015884,0.7944129342,0.002780693651,0.01305056452,2.779260464e-05,0.002597658065,4.660906074e-06,0.007096344741,1.379652437e-05,1.888186556e-07,1.096286712e-09,0.32853,0.001644273956,0.94958,0.00512783734,0,0.0049,1.940463823,2590
30,90,0.9819598291,0.003575804394,0.9553166009,0.003583249067,0.01555647085,2.769548563e-05,0.002948494341,5.76897243e-06,0.008138189708,1.718088897e-05,7.326896459e-08,8.480220785e-10,0.16948,0.001124689431,0.95168,0.004794018203,0,0.0021,1.940463823,2384
50,90,1.119601989,0.003831604628,1.090449766,0.003817026804,0.01724138189,3.045289921e-05,0.00314826321,6.648617704e-06,0.00876256759,1.973106761e-05,9.84873605e-09,3.724761652e-10,0.0383,0.0006619747173,0.95185,0.004623666237,0,0.00026,1.940463823,1567
75,90,1.154332967,0.003536977791,1.124706689,0.003519420365,0.01757694986,3.155484108e-05,0.003180270409,7.009732566e-06,0.008869056336,2.065246844e-05,7.354831835e-10,1.11290585e-10,0.00487,0.0002459246782,0.95187,0.004675429054,0,4e-05,1.940463823,1314
100,90,1.159658664,0.003530036876,1.129986007,0.003510136859,0.01761117999,3.233341322e-05,0.003183046663,7.033794262e-06,0.008878430842,2.075929536e-05,4.324159563e-11,1.935664996e-11,0.00053,7.294554566e-05,0.9519,0.004674083079,0,1e-05,1.940463823,1029
